Workbook

Sheet Coordinates
A1: Motor | B1: Name | C1: Band_X | D1: Band_Y | E1: Band_Z | F1: Base_X | G1: Base_Y | H1: Base_Z | I1: Initial_Length_L0
A2: 19 | B2: 左前手腕 | C2: 31.007 | D2: -19.25 | E2: -9.25 | F2: 0 | G2: -15.441 | H2: -1.351 | I2: 32.223233
A3: 4 | B3: 小指内收 | C3: 31.007 | D3: -10 | E3: -17 | F3: 0 | G3: -14.972 | H3: -4.012 | I3: 33.982981
A4: 27 | B4: 小指屈肌 | C4: 31.007 | D4: -4.5 | E4: -15.25 | F4: 0 | G4: -14.048 | H4: -6.551 | I4: 33.589745
A5: 28 | B5: 拇对掌肌 | C5: 31.007 | D5: -3 | E5: -12.75 | F5: 0 | G5: -13.295 | H5: -2.344 | I5: 34.288568
A6: 2 | B6: 中指指浅屈肌 | C6: 31.007 | D6: -1.5 | E6: -15.25 | F6: 0 | G6: -12.697 | H6: -8.89 | I6: 33.57464
A7: 15 | B7: 食指内收 | C7: 31.007 | D7: 0 | E7: -12.75 | F7: 0 | G7: -12.686 | H7: -4.617 | I7: 34.474836
A8: 3 | B8: 无名指屈肌 | C8: 31.007 | D8: -3 | E8: -17.75 | F8: 0 | G8: -11.691 | H8: -6.75 | I8: 34.028922
A9: 17 | B9: 食指指浅屈肌 | C9: 31.007 | D9: 0 | E9: -17.75 | F9: 0 | G9: 11.691 | H9: -6.75 | I9: 34.915806
A10: 16 | B10: 中指指深屈肌 | C10: 31.007 | D10: 1.5 | E10: -15.25 | F10: 0 | G10: 12.686 | H10: -4.617 | I10: 34.63555
A11: 1 | B11: 食指指深屈肌 | C11: 31.007 | D11: 3 | E11: -17.75 | F11: 0 | G11: 13.295 | H11: -2.344 | I11: 36.121544
A12: 14 | B12: 食指外展 | C12: 31.007 | D12: 3 | E12: -12.75 | F12: 0 | G12: 12.697 | H12: -8.89 | I12: 32.71644
A13: 18 | B13: 拇长屈肌 | C13: 31.007 | D13: 4.5 | E13: -15.25 | F13: 0 | G13: 14.048 | H13: -6.551 | I13: 33.589745
... A29: 20 | B29: 拇短伸肌 | C29: 31.007 | D29: 19 | E29: 11.326 | F29: 0 | G29: 15.441 | H29: 1.351 | I29: 32.765853

Sheet Formula_Calculator
A1: Y-hand wrist hole distance calculator
A3: Input | B3: Value | C3: Unit/Description
A4: alpha_side | B4: 0 | C4: 侧摆角 α，绕 Z 轴，单位 rad
A5: beta_flex | B5: 0 | C5: 弯曲角 β，绕 Y 轴，单位 rad
A8: Motor | B8: Name | C8: Source | D8: Band_y | E8: Band_z | F8: Base_y | G8: Base_z | H8: A_i(beta) | I8: Moved_X | J8: Moved_Y | K8: Moved_Z | L8: Length_L(alpha,beta) | M8: Delta_L
A9: 19 | B9: 左前手腕 | C9: Front V1 | D9: -19.25 | E9: -9.25 | F9: -15.441 | G9: -1.351 | H9: =16+7.01*COS($B$5)+E9*SIN($B$5) -> 23.01 | I9: =7.997+H9*COS($B$4)-D9*SIN($B$4) -> 31.007 | J9: =H9*SIN($B$4)+D9*COS($B$4) -> -19.25 | K9: =-7.01*SIN($B$5)+E9*COS($B$5) -> -9.25 | L9: =SQRT(I9^2+(J9-F9)^2+(K9-G9)^2) -> 32.223233 | M9: =L9-Coordinates!I2 -> -7.1054274e-15
A10: 4 | B10: 小指内收 | C10: Front V1 | D10: -10 | E10: -17 | F10: -14.972 | G10: -4.012 | H10: =16+7.01*COS($B$5)+E10*SIN($B$5) -> 23.01 | I10: =7.997+H10*COS($B$4)-D10*SIN($B$4) -> 31.007 | J10: =H10*SIN($B$4)+D10*COS($B$4) -> -10 | K10: =-7.01*SIN($B$5)+E10*COS($B$5) -> -17 | L10: =SQRT(I10^2+(J10-F10)^2+(K10-G10)^2) -> 33.982981 | M10: =L10-Coordinates!I3 -> 0
A11: 27 | B11: 小指屈肌 | C11: Front V1 | D11: -4.5 | E11: -15.25 | F11: -14.048 | G11: -6.551 | H11: =16+7.01*COS($B$5)+E11*SIN($B$5) -> 23.01 | I11: =7.997+H11*COS($B$4)-D11*SIN($B$4) -> 31.007 | J11: =H11*SIN($B$4)+D11*COS($B$4) -> -4.5 | K11: =-7.01*SIN($B$5)+E11*COS($B$5) -> -15.25 | L11: =SQRT(I11^2+(J11-F11)^2+(K11-G11)^2) -> 33.589745 | M11: =L11-Coordinates!I4 -> 0
A12: 28 | B12: 拇对掌肌 | C12: Front V1 | D12: -3 | E12: -12.75 | F12: -13.295 | G12: -2.344 | H12: =16+7.01*COS($B$5)+E12*SIN($B$5) -> 23.01 | I12: =7.997+H12*COS($B$4)-D12*SIN($B$4) -> 31.007 | J12: =H12*SIN($B$4)+D12*COS($B$4) -> -3 | K12: =-7.01*SIN($B$5)+E12*COS($B$5) -> -12.75 | L12: =SQRT(I12^2+(J12-F12)^2+(K12-G12)^2) -> 34.288568 | M12: =L12-Coordinates!I5 -> 0
A13: 2 | B13: 中指指浅屈肌 | C13: Front V1 | D13: -1.5 | E13: -15.25 | F13: -12.697 | G13: -8.89 | H13: =16+7.01*COS($B$5)+E13*SIN($B$5) -> 23.01 | I13: =7.997+H13*COS($B$4)-D13*SIN($B$4) -> 31.007 | J13: =H13*SIN($B$4)+D13*COS($B$4) -> -1.5 | K13: =-7.01*SIN($B$5)+E13*COS($B$5) -> -15.25 | L13: =SQRT(I13^2+(J13-F13)^2+(K13-G13)^2) -> 33.57464 | M13: =L13-Coordinates!I6 -> -7.1054274e-15
A14: 15 | B14: 食指内收 | C14: Front V1 | D14: 0 | E14: -12.75 | F14: -12.686 | G14: -4.617 | H14: =16+7.01*COS($B$5)+E14*SIN($B$5) -> 23.01 | I14: =7.997+H14*COS($B$4)-D14*SIN($B$4) -> 31.007 | J14: =H14*SIN($B$4)+D14*COS($B$4) -> 0 | K14: =-7.01*SIN($B$5)+E14*COS($B$5) -> -12.75 | L14: =SQRT(I14^2+(J14-F14)^2+(K14-G14)^2) -> 34.474836 | M14: =L14-Coordinates!I7 -> 0
A15: 3 | B15: 无名指屈肌 | C15: Front V1 | D15: -3 | E15: -17.75 | F15: -11.691 | G15: -6.75 | H15: =16+7.01*COS($B$5)+E15*SIN($B$5) -> 23.01 | I15: =7.997+H15*COS($B$4)-D15*SIN($B$4) -> 31.007 | J15: =H15*SIN($B$4)+D15*COS($B$4) -> -3 | K15: =-7.01*SIN($B$5)+E15*COS($B$5) -> -17.75 | L15: =SQRT(I15^2+(J15-F15)^2+(K15-G15)^2) -> 34.028922 | M15: =L15-Coordinates!I8 -> 0
A16: 17 | B16: 食指指浅屈肌 | C16: Front V1 | D16: 0 | E16: -17.75 | F16: 11.691 | G16: -6.75 | H16: =16+7.01*COS($B$5)+E16*SIN($B$5) -> 23.01 | I16: =7.997+H16*COS($B$4)-D16*SIN($B$4) -> 31.007 | J16: =H16*SIN($B$4)+D16*COS($B$4) -> 0 | K16: =-7.01*SIN($B$5)+E16*COS($B$5) -> -17.75 | L16: =SQRT(I16^2+(J16-F16)^2+(K16-G16)^2) -> 34.915806 | M16: =L16-Coordinates!I9 -> 0
A17: 16 | B17: 中指指深屈肌 | C17: Front V1 | D17: 1.5 | E17: -15.25 | F17: 12.686 | G17: -4.617 | H17: =16+7.01*COS($B$5)+E17*SIN($B$5) -> 23.01 | I17: =7.997+H17*COS($B$4)-D17*SIN($B$4) -> 31.007 | J17: =H17*SIN($B$4)+D17*COS($B$4) -> 1.5 | K17: =-7.01*SIN($B$5)+E17*COS($B$5) -> -15.25 | L17: =SQRT(I17^2+(J17-F17)^2+(K17-G17)^2) -> 34.63555 | M17: =L17-Coordinates!I10 -> 0
A18: 1 | B18: 食指指深屈肌 | C18: Front V1 | D18: 3 | E18: -17.75 | F18: 13.295 | G18: -2.344 | H18: =16+7.01*COS($B$5)+E18*SIN($B$5) -> 23.01 | I18: =7.997+H18*COS($B$4)-D18*SIN($B$4) -> 31.007 | J18: =H18*SIN($B$4)+D18*COS($B$4) -> 3 | K18: =-7.01*SIN($B$5)+E18*COS($B$5) -> -17.75 | L18: =SQRT(I18^2+(J18-F18)^2+(K18-G18)^2) -> 36.121544 | M18: =L18-Coordinates!I11 -> 0
A19: 14 | B19: 食指外展 | C19: Front V1 | D19: 3 | E19: -12.75 | F19: 12.697 | G19: -8.89 | H19: =16+7.01*COS($B$5)+E19*SIN($B$5) -> 23.01 | I19: =7.997+H19*COS($B$4)-D19*SIN($B$4) -> 31.007 | J19: =H19*SIN($B$4)+D19*COS($B$4) -> 3 | K19: =-7.01*SIN($B$5)+E19*COS($B$5) -> -12.75 | L19: =SQRT(I19^2+(J19-F19)^2+(K19-G19)^2) -> 32.71644 | M19: =L19-Coordinates!I12 -> -7.1054274e-15
A20: 18 | B20: 拇长屈肌 | C20: Front V1 | D20: 4.5 | E20: -15.25 | F20: 14.048 | G20: -6.551 | H20: =16+7.01*COS($B$5)+E20*SIN($B$5) -> 23.01 | I20: =7.997+H20*COS($B$4)-D20*SIN($B$4) -> 31.007 | J20: =H20*SIN($B$4)+D20*COS($B$4) -> 4.5 | K20: =-7.01*SIN($B$5)+E20*COS($B$5) -> -15.25 | L20: =SQRT(I20^2+(J20-F20)^2+(K20-G20)^2) -> 33.589745 | M20: =L20-Coordinates!I13 -> 0
... A36: 20 | B36: 拇短伸肌 | C36: Back V3 | D36: 19 | E36: 11.326 | F36: 15.441 | G36: 1.351 | H36: =16+7.01*COS($B$5)+E36*SIN($B$5) -> 23.01 | I36: =7.997+H36*COS($B$4)-D36*SIN($B$4) -> 31.007 | J36: =H36*SIN($B$4)+D36*COS($B$4) -> 19 | K36: =-7.01*SIN($B$5)+E36*COS($B$5) -> 11.326 | L36: =SQRT(I36^2+(J36-F36)^2+(K36-G36)^2) -> 32.765853 | M36: =L36-Coordinates!I29 -> -7.1054274e-15

Sheet Rotation_Centers
A1: Item | B1: X | C1: Y | D1: Z | E1: Axis_X | F1: Axis_Y | G1: Axis_Z | H1: Description
A2: Origin_O | B2: 0 | C2: 0 | D2: 0 | H2: 底板几何中心，坐标原点
A3: C_flex | B3: 23.997 | C3: 0 | D3: 0 | E3: 0 | F3: 1 | G3: 0 | H3: 弯曲旋转中心：腕带下表面沿 X 负方向下降 3.010 mm；绕 Y 轴
A4: C_side | B4: 7.997 | C4: 0 | D4: 0 | E4: 0 | F4: 0 | G4: 1 | H4: 侧摆旋转中心：腕带下表面沿 X 负方向下降 19.010 mm；绕 Z 轴
A5: Band_mid_plane | B5: 31.007 | H5: 腕带孔中心所在 X 高度
A6: Band_bottom | B6: 27.007 | H6: 腕带下表面 X 高度
A7: Base_mid_plane | B7: 0 | H7: 底板孔中心所在 X 高度

Sheet Formula_Text
A1: General formula
A2: Let α = side-swing angle about Z axis, β = flexion angle about Y axis, both in radians.
A3: For wristband point P_i=(31.007, y_i, z_i), base point B_i=(0, yb_i, zb_i):
A4: A_i(β)=16.000+7.010*cos(β)+z_i*sin(β)
A5: X_i(α,β)=7.997+A_i(β)*cos(α)-y_i*sin(α)
A6: Y_i(α,β)=A_i(β)*sin(α)+y_i*cos(α)
A7: Z_i(β)=-7.010*sin(β)+z_i*cos(β)
A8: L_i(α,β)=sqrt(X_i^2+(Y_i-yb_i)^2+(Z_i-zb_i)^2)
A11: Motor | B11: Name | C11: Formula
A12: 19 | B12: 左前手腕 | C12: A_19(β)=16.000+7.010*cosβ-9.250*sinβ; X_19=7.997+A_19(β)*cosα+19.250*sinα; Y_19=A_19(β)*sinα-19.250*cosα; Z_19=-7.010*sinβ-9.250*cosβ; L_19(α,β)=sqrt(X_19^2+(Y_19+15.441)^2+(Z_19+1.351)^2)
A13: 4 | B13: 小指内收 | C13: A_4(β)=16.000+7.010*cosβ-17.000*sinβ; X_4=7.997+A_4(β)*cosα+10.000*sinα; Y_4=A_4(β)*sinα-10.000*cosα; Z_4=-7.010*sinβ-17.000*cosβ; L_4(α,β)=sqrt(X_4^2+(Y_4+14.972)^2+(Z_4+4.012)^2)
A14: 27 | B14: 小指屈肌 | C14: A_27(β)=16.000+7.010*cosβ-15.250*sinβ; X_27=7.997+A_27(β)*cosα+4.500*sinα; Y_27=A_27(β)*sinα-4.500*cosα; Z_27=-7.010*sinβ-15.250*cosβ; L_27(α,β)=sqrt(X_27^2+(Y_27+14.048)^2+(Z_27+6.551)^2)
A15: 28 | B15: 拇对掌肌 | C15: A_28(β)=16.000+7.010*cosβ-12.750*sinβ; X_28=7.997+A_28(β)*cosα+3.000*sinα; Y_28=A_28(β)*sinα-3.000*cosα; Z_28=-7.010*sinβ-12.750*cosβ; L_28(α,β)=sqrt(X_28^2+(Y_28+13.295)^2+(Z_28+2.344)^2)
A16: 2 | B16: 中指指浅屈肌 | C16: A_2(β)=16.000+7.010*cosβ-15.250*sinβ; X_2=7.997+A_2(β)*cosα+1.500*sinα; Y_2=A_2(β)*sinα-1.500*cosα; Z_2=-7.010*sinβ-15.250*cosβ; L_2(α,β)=sqrt(X_2^2+(Y_2+12.697)^2+(Z_2+8.890)^2)
A17: 15 | B17: 食指内收 | C17: A_15(β)=16.000+7.010*cosβ-12.750*sinβ; X_15=7.997+A_15(β)*cosα-0.000*sinα; Y_15=A_15(β)*sinα+0.000*cosα; Z_15=-7.010*sinβ-12.750*cosβ; L_15(α,β)=sqrt(X_15^2+(Y_15+12.686)^2+(Z_15+4.617)^2)
A18: 3 | B18: 无名指屈肌 | C18: A_3(β)=16.000+7.010*cosβ-17.750*sinβ; X_3=7.997+A_3(β)*cosα+3.000*sinα; Y_3=A_3(β)*sinα-3.000*cosα; Z_3=-7.010*sinβ-17.750*cosβ; L_3(α,β)=sqrt(X_3^2+(Y_3+11.691)^2+(Z_3+6.750)^2)
A19: 17 | B19: 食指指浅屈肌 | C19: A_17(β)=16.000+7.010*cosβ-17.750*sinβ; X_17=7.997+A_17(β)*cosα-0.000*sinα; Y_17=A_17(β)*sinα+0.000*cosα; Z_17=-7.010*sinβ-17.750*cosβ; L_17(α,β)=sqrt(X_17^2+(Y_17-11.691)^2+(Z_17+6.750)^2)
A20: 16 | B20: 中指指深屈肌 | C20: A_16(β)=16.000+7.010*cosβ-15.250*sinβ; X_16=7.997+A_16(β)*cosα-1.500*sinα; Y_16=A_16(β)*sinα+1.500*cosα; Z_16=-7.010*sinβ-15.250*cosβ; L_16(α,β)=sqrt(X_16^2+(Y_16-12.686)^2+(Z_16+4.617)^2)
A21: 1 | B21: 食指指深屈肌 | C21: A_1(β)=16.000+7.010*cosβ-17.750*sinβ; X_1=7.997+A_1(β)*cosα-3.000*sinα; Y_1=A_1(β)*sinα+3.000*cosα; Z_1=-7.010*sinβ-17.750*cosβ; L_1(α,β)=sqrt(X_1^2+(Y_1-13.295)^2+(Z_1+2.344)^2)
A22: 14 | B22: 食指外展 | C22: A_14(β)=16.000+7.010*cosβ-12.750*sinβ; X_14=7.997+A_14(β)*cosα-3.000*sinα; Y_14=A_14(β)*sinα+3.000*cosα; Z_14=-7.010*sinβ-12.750*cosβ; L_14(α,β)=sqrt(X_14^2+(Y_14-12.697)^2+(Z_14+8.890)^2)
A23: 18 | B23: 拇长屈肌 | C23: A_18(β)=16.000+7.010*cosβ-15.250*sinβ; X_18=7.997+A_18(β)*cosα-4.500*sinα; Y_18=A_18(β)*sinα+4.500*cosα; Z_18=-7.010*sinβ-15.250*cosβ; L_18(α,β)=sqrt(X_18^2+(Y_18-14.048)^2+(Z_18+6.551)^2)
... A39: 20 | B39: 拇短伸肌 | C39: A_20(β)=16.000+7.010*cosβ+11.326*sinβ; X_20=7.997+A_20(β)*cosα-19.000*sinα; Y_20=A_20(β)*sinα+19.000*cosα; Z_20=-7.010*sinβ+11.326*cosβ; L_20(α,β)=sqrt(X_20^2+(Y_20-15.441)^2+(Z_20-1.351)^2)
